iter	RMSE
0	67.87020267
1	65.79496044
2	64.19514108
3	62.90492589
4	61.85434255
5	60.99864383
6	60.30293626
7	59.7384597
8	58.15752743
9	57.31703295
